날짜,시가,고가,저가,종가,거래량,등락률,종목코드,종목명
2026-02-20,299,301,286,286,2282134391,-4.666666666666667,252670,KODEX 200선물인버스2X
2026-02-23,276,289,272,283,2879558061,-1.048951048951049,252670,KODEX 200선물인버스2X
2026-02-24,283,290,268,268,2804028657,-5.30035335689046,252670,KODEX 200선물인버스2X
2026-02-25,264,268,252,258,2950890851,-3.731343283582089,252670,KODEX 200선물인버스2X
2026-02-26,255,256,244,245,2147483647,-5.038759689922481,252670,KODEX 200선물인버스2X
2026-02-20,2040,2045,1750,1869,319579293,18.36605446485117,001510,SK증권
2026-02-23,1900,1900,1650,1657,32756497,-11.342964151952915,001510,SK증권
2026-02-24,1647,1812,1590,1812,30332843,9.354254677127338,001510,SK증권
2026-02-25,1841,1866,1739,1807,25457634,-0.27593818984547464,001510,SK증권
2026-02-26,1801,2345,1711,2245,262076444,24.23907028223575,001510,SK증권
2026-02-20,1722,1726,1683,1685,182141408,-2.318840579710145,114800,KODEX 인버스
2026-02-23,1654,1691,1644,1674,206384034,-0.6528189910979229,114800,KODEX 인버스
2026-02-24,1674,1695,1632,1632,224919014,-2.5089605734767026,114800,KODEX 인버스
2026-02-25,1619,1630,1582,1599,269097773,-2.0220588235294117,114800,KODEX 인버스
2026-02-26,1592,1594,1557,1560,184393197,-2.4390243902439024,114800,KODEX 인버스
2026-02-20,10000,10300,9010,9300,42971711,-2.7196652719665275,003530,한화투자증권
2026-02-23,9480,9480,8540,8660,15621119,-6.881720430107527,003530,한화투자증권
2026-02-24,8360,8640,8130,8390,12174554,-3.117782909930716,003530,한화투자증권
2026-02-25,8500,8560,8100,8200,9121559,-2.264600715137068,003530,한화투자증권
2026-02-26,8250,9690,8070,8660,44448405,5.609756097560976,003530,한화투자증권
2026-02-20,460,491,448,448,15330912,-6.079664570230608,007460,에이프로젠
2026-02-23,448,457,410,420,14143540,-6.25,007460,에이프로젠
2026-02-24,384,546,377,546,95451379,30.0,007460,에이프로젠
2026-02-25,597,662,458,462,110062351,-15.384615384615385,007460,에이프로젠
2026-02-26,450,527,438,466,41992224,0.8658008658008658,007460,에이프로젠
2026-02-20,2050,2105,2010,2075,29384426,0.48426150121065376,462330,KODEX 2차전지산업레버리지
2026-02-23,2140,2150,1962,1993,33623936,-3.9518072289156625,462330,KODEX 2차전지산업레버리지
2026-02-24,2045,2192,2040,2170,53403188,8.881083793276467,462330,KODEX 2차전지산업레버리지
2026-02-25,2210,2370,2115,2305,62014976,6.221198156682028,462330,KODEX 2차전지산업레버리지
2026-02-26,2355,2440,2265,2345,38253978,1.735357917570499,462330,KODEX 2차전지산업레버리지
2026-02-20,721,736,712,729,1737865,0.8298755186721992,092220,KEC
2026-02-23,730,840,730,791,10528391,8.50480109739369,092220,KEC
2026-02-24,800,1028,800,1028,54846702,29.96207332490518,092220,KEC
2026-02-25,1210,1330,1180,1190,65054488,15.758754863813229,092220,KEC
2026-02-26,1140,1391,1091,1232,38094104,3.5294117647058822,092220,KEC
2026-02-20,7860,8260,7570,7800,19986146,-1.639344262295082,047040,대우건설
2026-02-23,7900,8160,7380,7500,15785513,-3.8461538461538463,047040,대우건설
2026-02-24,7480,8450,7450,8110,27374977,8.133333333333333,047040,대우건설
2026-02-25,8270,9120,8200,8750,41984242,7.891491985203452,047040,대우건설
2026-02-26,8980,10000,8750,9920,33303803,13.37142857142857,047040,대우건설
2026-02-20,5330,5330,4945,4945,45189429,-6.1669829222011385,018880,한온시스템
2026-02-23,5040,5140,4605,4620,38663579,-6.572295247724974,018880,한온시스템
2026-02-24,4645,4740,4505,4570,26877330,-1.0822510822510822,018880,한온시스템
2026-02-25,4575,4930,4520,4530,53030499,-0.87527352297593,018880,한온시스템
2026-02-26,4540,4855,4540,4710,32095119,3.9735099337748347,018880,한온시스템
2026-02-20,19180,19320,18490,18890,46963228,-1.2287581699346406,233740,KODEX 코스닥150레버리지
2026-02-23,19375,19640,18115,18380,75370026,-2.6998411858125992,233740,KODEX 코스닥150레버리지
2026-02-24,18660,18945,18210,18715,42952264,1.8226332970620238,233740,KODEX 코스닥150레버리지
2026-02-25,19070,19075,18455,18755,39125389,0.21373230029388193,233740,KODEX 코스닥150레버리지
2026-02-26,19100,19115,18615,19060,31209146,1.626233004532125,233740,KODEX 코스닥150레버리지
2026-02-20,68,68,66,67,59030872,-4.285714285714286,530036,삼성 인버스 2X WTI원유 선물 ETN
2026-02-23,68,69,67,69,14126553,2.9850746268656714,530036,삼성 인버스 2X WTI원유 선물 ETN
2026-02-24,68,68,66,67,19489917,-2.898550724637681,530036,삼성 인버스 2X WTI원유 선물 ETN
2026-02-25,68,69,67,67,15658167,0.0,530036,삼성 인버스 2X WTI원유 선물 ETN
2026-02-26,68,69,66,68,29456906,1.4925373134328357,530036,삼성 인버스 2X WTI원유 선물 ETN
2026-02-20,1400,1498,1261,1287,44537248,9.53191489361702,001290,상상인증권
2026-02-23,1300,1300,1070,1112,3873620,-13.597513597513597,001290,상상인증권
2026-02-24,1090,1163,1069,1163,2034670,4.586330935251799,001290,상상인증권
2026-02-25,1180,1200,1147,1199,1778355,3.095442820292347,001290,상상인증권
2026-02-26,1190,1558,1134,1558,23757313,29.941618015012512,001290,상상인증권
2026-02-20,2120,2165,2120,2140,32167347,0.4694835680751174,251340,KODEX 코스닥150선물인버스
2026-02-23,2110,2190,2100,2170,61022822,1.4018691588785046,251340,KODEX 코스닥150선물인버스
2026-02-24,2150,2185,2135,2150,38560528,-0.9216589861751152,251340,KODEX 코스닥150선물인버스
2026-02-25,2130,2170,2130,2150,27916414,0.0,251340,KODEX 코스닥150선물인버스
2026-02-26,2125,2157,2120,2130,21290787,-0.9302325581395349,251340,KODEX 코스닥150선물인버스
2026-02-20,319,320,305,306,31152887,-4.075235109717868,252710,TIGER 200선물인버스2X
2026-02-23,295,307,291,303,36891734,-0.9803921568627451,252710,TIGER 200선물인버스2X
2026-02-24,303,308,286,286,32574804,-5.6105610561056105,252710,TIGER 200선물인버스2X
2026-02-25,281,285,269,272,39662426,-4.895104895104895,252710,TIGER 200선물인버스2X
2026-02-26,270,272,260,260,21473604,-4.411764705882353,252710,TIGER 200선물인버스2X
2026-02-20,20400,20445,20010,20225,39899628,-0.5898255099533055,229200,KODEX 코스닥150
2026-02-23,20510,20620,19815,19965,49106762,-1.2855377008652658,229200,KODEX 코스닥150
2026-02-24,20140,20270,19875,20145,27957043,0.9015777610818932,229200,KODEX 코스닥150
2026-02-25,20330,20340,20000,20160,35477947,0.07446016381236038,229200,KODEX 코스닥150
2026-02-26,20350,20360,20085,20330,19606059,0.8432539682539683,229200,KODEX 코스닥150
2026-02-20,6490,6760,5800,5940,13638710,-0.8347245409015025,001200,유진투자증권
2026-02-23,6020,6060,5410,5420,5632538,-8.754208754208754,001200,유진투자증권
2026-02-24,5300,5390,5100,5250,3956965,-3.136531365313653,001200,유진투자증권
2026-02-25,5340,5480,5150,5250,3326422,0.0,001200,유진투자증권
2026-02-26,5260,6290,5180,5570,18802584,6.095238095238095,001200,유진투자증권
2026-02-20,462,591,448,591,96839873,29.89010989010989,004060,SG세계물산
2026-02-23,681,768,670,768,30459042,29.949238578680205,004060,SG세계물산
2026-02-24,780,903,667,683,137518672,-11.067708333333332,004060,SG세계물산
2026-02-25,679,789,655,704,82829447,3.074670571010249,004060,SG세계물산
2026-02-26,719,743,686,697,18167009,-0.9943181818181818,004060,SG세계물산
2026-02-20,30055,30590,29595,30570,19980422,1.6289893617021278,396500,TIGER 반도체TOP10
2026-02-23,31000,31205,30300,30630,18377919,0.19627085377821393,396500,TIGER 반도체TOP10
2026-02-24,30600,31600,30210,31600,17462415,3.1668299053215803,396500,TIGER 반도체TOP10
2026-02-25,31730,32160,31600,31920,18621700,1.0126582278481013,396500,TIGER 반도체TOP10
2026-02-26,32710,33670,32540,33525,17373691,5.0281954887218046,396500,TIGER 반도체TOP10
2026-02-20,5110,6600,5050,6600,92055536,29.92125984251969,088350,한화생명
2026-02-23,7200,7560,5800,5970,110984121,-9.545454545454547,088350,한화생명
2026-02-24,5970,6090,5240,5320,36188330,-10.887772194304858,088350,한화생명
2026-02-25,5350,5700,5160,5180,46934533,-2.631578947368421,088350,한화생명
2026-02-26,5110,5240,4920,5060,16186235,-2.3166023166023164,088350,한화생명
2026-02-20,367,471,364,471,7265515,29.75206611570248,015260,에이엔피
2026-02-23,540,612,511,612,5984167,29.936305732484076,015260,에이엔피
2026-02-24,641,795,578,599,18009983,-2.1241830065359477,015260,에이엔피
2026-02-25,580,582,523,526,1954336,-12.186978297161936,015260,에이엔피
2026-02-26,542,683,542,643,15171854,22.24334600760456,015260,에이엔피
2026-02-20,190000,190300,188600,190100,24213880,0.05263157894736842,005930,삼성전자
2026-02-23,194400,197600,190500,193000,26364684,1.5255128879537085,005930,삼성전자
2026-02-24,193000,200000,192000,200000,28060617,3.6269430051813467,005930,삼성전자
2026-02-25,202500,206000,201000,203500,26987996,1.7500000000000002,005930,삼성전자
2026-02-26,206500,217500,206000,214000,14520764,5.159705159705159,005930,삼성전자
2026-02-20,179,205,164,172,155339259,-1.7142857142857144,004410,서울식품
2026-02-23,172,223,167,223,214273222,29.651162790697676,004410,서울식품
2026-02-24,230,281,202,232,276326011,4.0358744394618835,004410,서울식품
2026-02-25,237,283,232,268,217998127,15.517241379310345,004410,서울식품
2026-02-26,272,272,252,252,13911909,-5.970149253731343,004410,서울식품
2026-02-20,90335,94180,89835,93980,18298385,4.6547884187082404,122630,KODEX 레버리지
2026-02-23,97640,98600,93475,95195,17474569,1.2928282613321982,122630,KODEX 레버리지
2026-02-24,95545,100070,92920,100005,21166603,5.0527863858395925,122630,KODEX 레버리지
2026-02-25,101655,106200,100390,104070,22331997,4.064796760161992,122630,KODEX 레버리지
2026-02-26,105400,109830,104800,109340,14312682,5.063899298549054,122630,KODEX 레버리지
2026-02-20,4200,4200,3700,3710,1552760,-6.54911838790932,003460,유화증권
2026-02-23,3905,3965,3500,3550,999008,-4.31266846361186,003460,유화증권
2026-02-24,3560,3560,3350,3475,315266,-2.112676056338028,003460,유화증권
2026-02-25,3590,4380,3540,3800,4654679,9.352517985611511,003460,유화증권
2026-02-26,3790,4940,3635,4380,13076619,15.263157894736842,003460,유화증권
2026-02-20,2355,2630,2260,2320,32200330,-1.48619957537155,011930,신성이엔지
2026-02-23,2235,2355,2070,2090,15631151,-9.913793103448276,011930,신성이엔지
2026-02-24,2100,2225,2045,2145,10667989,2.631578947368421,011930,신성이엔지
2026-02-25,2180,2180,2065,2085,9699248,-2.797202797202797,011930,신성이엔지
2026-02-26,2200,2345,2100,2100,12203348,0.7194244604316548,011930,신성이엔지
2026-02-20,84575,86430,84415,86300,16572303,2.263301339021211,069500,KODEX 200
2026-02-23,88025,88475,86160,86940,20224734,0.7415990730011588,069500,KODEX 200
2026-02-24,87025,89150,85905,89085,19422609,2.4672187715665976,069500,KODEX 200
2026-02-25,89860,91850,89275,90890,26181980,2.026154795981366,069500,KODEX 200
2026-02-26,91555,93485,91325,93285,10870488,2.6350533612058533,069500,KODEX 200
2026-02-20,13860,13920,13585,13595,4065559,-2.0885848037450487,0148J0,TIGER 코리아휴머노이드로봇산업
2026-02-23,13700,13765,13240,13350,4940319,-1.802133137182788,0148J0,TIGER 코리아휴머노이드로봇산업
2026-02-24,13395,13920,13210,13910,6486373,4.194756554307117,0148J0,TIGER 코리아휴머노이드로봇산업
2026-02-25,14185,14755,13925,14755,11647456,6.074766355140187,0148J0,TIGER 코리아휴머노이드로봇산업
2026-02-26,14900,15200,14695,14995,10430873,1.626567265333785,0148J0,TIGER 코리아휴머노이드로봇산업
2026-02-20,3930,4420,3837,4185,23732367,7.033248081841433,006340,대원전선
2026-02-23,4345,5440,4345,5440,48463649,29.988052568697732,006340,대원전선
2026-02-24,5710,6830,5330,6510,128372671,19.669117647058822,006340,대원전선
2026-02-25,7020,7170,6120,6190,33937107,-4.915514592933948,006340,대원전선
2026-02-26,6290,6400,6050,6230,10158667,0.6462035541195477,006340,대원전선
2026-02-20,938,949,920,926,114849,-1.279317697228145,009310,참엔지니어링
2026-02-23,929,930,864,911,89647,-1.6198704103671708,009310,참엔지니어링
2026-02-24,901,930,884,930,84818,2.0856201975850714,009310,참엔지니어링
2026-02-25,930,1209,925,1209,2732768,30.0,009310,참엔지니어링
2026-02-26,1477,1571,1215,1439,9846029,19.02398676592225,009310,참엔지니어링
2026-02-20,195,237,195,237,64574780,29.508196721311474,152550,한국ANKOR유전
2026-02-23,219,308,217,276,160246932,16.455696202531644,152550,한국ANKOR유전
2026-02-24,276,304,246,263,59149722,-4.710144927536232,152550,한국ANKOR유전
2026-02-25,252,283,246,257,26210971,-2.2813688212927756,152550,한국ANKOR유전
2026-02-26,248,263,240,242,9576948,-5.836575875486381,152550,한국ANKOR유전
2026-02-20,2610,3180,2575,2930,57678846,12.692307692307692,452260,한화갤러리아
2026-02-23,2975,3035,2800,2835,13342963,-3.242320819112628,452260,한화갤러리아
2026-02-24,2835,3220,2780,3085,43489595,8.818342151675484,452260,한화갤러리아
2026-02-25,3185,3795,3150,3300,52631518,6.9692058346839545,452260,한화갤러리아
2026-02-26,3300,3410,3100,3180,8489495,-3.6363636363636362,452260,한화갤러리아
2026-02-20,32650,33700,32000,32900,5095342,0.7656967840735069,001440,대한전선
2026-02-23,33500,35650,33000,34250,16486142,4.103343465045593,001440,대한전선
2026-02-24,34250,34550,32900,33900,5185973,-1.0218978102189782,001440,대한전선
2026-02-25,35400,36350,33900,34000,7830167,0.2949852507374631,001440,대한전선
2026-02-26,34150,36850,34000,36200,8471974,6.470588235294119,001440,대한전선
2026-02-20,22575,22600,22550,22575,10936501,0.0,379800,KODEX 미국S&P500
2026-02-23,22535,22535,22390,22400,8923698,-0.7751937984496124,379800,KODEX 미국S&P500
2026-02-24,22400,22495,22395,22405,7590160,0.022321428571428572,379800,KODEX 미국S&P500
2026-02-25,22510,22545,22320,22335,12176825,-0.3124302611024325,379800,KODEX 미국S&P500
2026-02-26,22415,22430,22310,22350,8046400,0.0671591672263264,379800,KODEX 미국S&P500
2026-02-26,10435,10620,10420,10550,8027019,,0162Z0,RISE 삼성전자SK하이닉스채권혼합50
2026-02-20,12790,14190,12660,13310,22403271,8.387622149837133,034220,LG디스플레이
2026-02-23,13400,14450,13130,13960,16620150,4.883546205860256,034220,LG디스플레이
2026-02-24,13960,14110,13490,14060,7696552,0.7163323782234957,034220,LG디스플레이
2026-02-25,14070,15120,14070,14820,16251484,5.405405405405405,034220,LG디스플레이
2026-02-26,14900,15500,14760,15480,7614226,4.4534412955465585,034220,LG디스플레이
2026-02-20,17885,18275,17860,18265,8346844,2.3249299719887957,498400,KODEX 200타겟위클리커버드콜
2026-02-23,18585,18675,18240,18390,8182050,0.6843690117711471,498400,KODEX 200타겟위클리커버드콜
2026-02-24,18390,18820,18170,18820,7668137,2.3382272974442633,498400,KODEX 200타겟위클리커버드콜
2026-02-25,19000,19340,18870,19170,9775178,1.8597236981934113,498400,KODEX 200타겟위클리커버드콜
2026-02-26,19300,19665,19280,19625,7396319,2.3735002608242044,498400,KODEX 200타겟위클리커버드콜
2026-02-20,13000,13135,12910,13120,7157570,0.9619084263178146,144600,KODEX 은선물(H)
2026-02-23,14440,14610,14310,14460,9793045,10.213414634146341,144600,KODEX 은선물(H)
2026-02-24,14700,14800,14125,14650,11413163,1.313969571230982,144600,KODEX 은선물(H)
2026-02-25,14575,15195,14470,15045,8488262,2.696245733788396,144600,KODEX 은선물(H)
2026-02-26,14645,15070,14590,14900,7238876,-0.9637753406447325,144600,KODEX 은선물(H)
2026-02-20,1819,1893,1815,1874,11396099,3.023639362286971,412570,TIGER 2차전지TOP10레버리지
2026-02-23,1891,1920,1804,1815,8037494,-3.1483457844183564,412570,TIGER 2차전지TOP10레버리지
2026-02-24,1853,1997,1853,1993,17765835,9.80716253443526,412570,TIGER 2차전지TOP10레버리지
2026-02-25,2000,2110,1919,2065,13647645,3.612644254892122,412570,TIGER 2차전지TOP10레버리지
2026-02-26,2100,2167,2010,2090,6934703,1.2106537530266344,412570,TIGER 2차전지TOP10레버리지
2026-02-20,1768,1833,1758,1794,17977133,1.5280135823429541,530107,삼성 인버스 2X 코스닥150 선물 ETN
2026-02-23,1748,1870,1727,1838,19724641,2.4526198439241917,530107,삼성 인버스 2X 코스닥150 선물 ETN
2026-02-24,1820,1864,1787,1808,17214915,-1.632208922742111,530107,삼성 인버스 2X 코스닥150 선물 ETN
2026-02-25,1777,1837,1777,1805,9971375,-0.16592920353982302,530107,삼성 인버스 2X 코스닥150 선물 ETN
2026-02-26,1775,1818,1762,1774,6862231,-1.7174515235457064,530107,삼성 인버스 2X 코스닥150 선물 ETN
2026-02-20,57800,58900,57700,57900,1950669,0.5208333333333333,035720,카카오
2026-02-23,58600,58600,57800,58100,1657993,0.3454231433506045,035720,카카오
2026-02-24,58100,58400,57700,57900,1803888,-0.34423407917383825,035720,카카오
2026-02-25,58000,58000,57200,57400,2078203,-0.8635578583765112,035720,카카오
2026-02-26,58700,62300,58600,61800,6670909,7.665505226480835,035720,카카오
2026-02-20,24715,24730,24675,24700,9704072,-0.08090614886731393,360750,TIGER 미국S&P500
2026-02-23,24660,24660,24500,24510,7853810,-0.7692307692307693,360750,TIGER 미국S&P500
2026-02-24,24510,24615,24505,24515,6594963,0.02039983680130559,360750,TIGER 미국S&P500
2026-02-25,24625,24670,24420,24435,10906283,-0.3263308178666123,360750,TIGER 미국S&P500
2026-02-26,24530,24540,24410,24455,6663585,0.08184980560671168,360750,TIGER 미국S&P500
2026-02-20,31745,31795,29710,30505,12833159,1.463495759188425,102970,KODEX 증권
2026-02-23,30870,31200,29005,29310,7728640,-3.9173905917062775,102970,KODEX 증권
2026-02-24,28665,28952,27175,28650,10631382,-2.2517911975435005,102970,KODEX 증권
2026-02-25,29335,30135,28500,29540,8472901,3.106457242582897,102970,KODEX 증권
2026-02-26,29490,30075,28785,29390,5648374,-0.5077860528097494,102970,KODEX 증권
2026-02-20,17895,18145,17735,17860,6423190,-0.16769144773616546,305720,KODEX 2차전지산업
2026-02-23,18180,18310,17525,17565,5113460,-1.6517357222844344,305720,KODEX 2차전지산업
2026-02-24,17845,18520,17845,18315,10509825,4.269854824935952,305720,KODEX 2차전지산업
2026-02-25,18415,19245,18185,18940,11119906,3.412503412503413,305720,KODEX 2차전지산업
2026-02-26,19175,19535,18830,19150,5535641,1.1087645195353748,305720,KODEX 2차전지산업
2026-02-20,16175,16850,16140,16800,2984383,3.7998146431881374,0117V0,TIGER 코리아AI전력기기TOP3플러스
2026-02-23,17170,17960,17020,17700,6512001,5.357142857142857,0117V0,TIGER 코리아AI전력기기TOP3플러스
2026-02-24,17695,18170,17535,17940,5559659,1.3559322033898304,0117V0,TIGER 코리아AI전력기기TOP3플러스
2026-02-25,18720,18850,18120,18160,7645876,1.2263099219620959,0117V0,TIGER 코리아AI전력기기TOP3플러스
2026-02-26,18405,18950,18210,18925,5166588,4.212555066079295,0117V0,TIGER 코리아AI전력기기TOP3플러스
2026-02-20,7365,7390,7205,7300,5350501,-0.2050580997949419,462010,TIGER 2차전지소재Fn
2026-02-23,7480,7565,7125,7170,6151441,-1.7808219178082192,462010,TIGER 2차전지소재Fn
2026-02-24,7285,7450,7190,7370,6287401,2.789400278940028,462010,TIGER 2차전지소재Fn
2026-02-25,7445,7770,7320,7600,8080966,3.1207598371777476,462010,TIGER 2차전지소재Fn
2026-02-26,7750,7850,7570,7675,5110604,0.9868421052631579,462010,TIGER 2차전지소재Fn
2026-02-20,25230,25425,24830,25425,3542952,0.7728894173602854,395160,KODEX AI반도체
2026-02-23,25735,25850,25180,25485,6125986,0.2359882005899705,395160,KODEX AI반도체
2026-02-24,25430,26345,25220,26345,6125914,3.374534039631156,395160,KODEX AI반도체
2026-02-25,26470,26815,26335,26620,5996239,1.0438413361169103,395160,KODEX AI반도체
2026-02-26,27250,27800,27060,27760,5099960,4.2824943651389935,395160,KODEX AI반도체
2026-02-20,30310,31460,30160,31300,3201211,3.26624876278456,487240,KODEX AI전력핵심설비
2026-02-23,31970,33685,31795,33180,5700272,6.006389776357827,487240,KODEX AI전력핵심설비
2026-02-24,33165,33930,32705,33725,6500173,1.642555756479807,487240,KODEX AI전력핵심설비
2026-02-25,35135,35415,34040,34090,7793851,1.0822831727205338,487240,KODEX AI전력핵심설비
2026-02-26,34380,35530,34215,35520,4945176,4.194778527427398,487240,KODEX AI전력핵심설비
2026-02-20,7210,7280,7030,7050,612566,-2.083333333333333,012200,계양전기
2026-02-23,7080,7290,6910,7140,834400,1.276595744680851,012200,계양전기
2026-02-24,7140,7190,6820,7060,598119,-1.1204481792717087,012200,계양전기
2026-02-25,7200,9170,7130,9170,11518021,29.886685552407933,012200,계양전기
2026-02-26,9520,9540,8250,8390,4700803,-8.505997818974919,012200,계양전기
2026-02-20,4580,4595,4570,4595,6157673,0.32751091703056767,329200,TIGER 리츠부동산인프라
2026-02-23,4600,4605,4575,4600,6722928,0.1088139281828074,329200,TIGER 리츠부동산인프라
2026-02-24,4600,4610,4590,4605,7622394,0.10869565217391304,329200,TIGER 리츠부동산인프라
2026-02-25,4610,4624,4605,4610,7054951,0.10857763300760044,329200,TIGER 리츠부동산인프라
2026-02-26,4615,4635,4615,4625,4683521,0.32537960954446854,329200,TIGER 리츠부동산인프라
2026-02-20,17135,18445,16935,17935,11741506,4.821741671537113,0091P0,TIGER 코리아원자력
2026-02-23,18410,18975,18055,18370,8642483,2.4254251463618623,0091P0,TIGER 코리아원자력
2026-02-24,18370,18830,17805,18550,4916768,0.979858464888405,0091P0,TIGER 코리아원자력
2026-02-25,18865,19590,18765,19400,8239277,4.5822102425876015,0091P0,TIGER 코리아원자력
2026-02-26,19710,19830,19325,19760,4441772,1.8556701030927836,0091P0,TIGER 코리아원자력
2026-02-20,20785,20850,20405,20630,9005053,-0.554350445890576,232080,TIGER 코스닥150
2026-02-23,20890,21030,20220,20375,10747694,-1.2360639844886088,232080,TIGER 코스닥150
2026-02-24,20495,20690,20275,20570,5294958,0.9570552147239264,232080,TIGER 코스닥150
2026-02-25,20730,20750,20410,20570,5721601,0.0,232080,TIGER 코스닥150
2026-02-26,20780,20780,20495,20750,4313386,0.8750607681088965,232080,TIGER 코스닥150
2026-02-20,1976,2525,1950,2525,11718143,29.953679876479672,000400,롯데손해보험
2026-02-23,3250,3280,2550,2725,44634915,7.920792079207921,000400,롯데손해보험
2026-02-24,2690,2700,2375,2385,7449744,-12.477064220183486,000400,롯데손해보험
2026-02-25,2390,3035,2285,2630,43290441,10.272536687631026,000400,롯데손해보험
2026-02-26,2635,2685,2415,2460,4309993,-6.4638783269961975,000400,롯데손해보험
2026-02-20,6370,6370,5530,5770,5571648,-1.870748299319728,003470,유안타증권
2026-02-23,5880,5880,5340,5350,2887751,-7.279029462738301,003470,유안타증권
2026-02-24,5270,5370,5100,5260,1786296,-1.6822429906542056,003470,유안타증권
2026-02-25,5350,5390,5170,5240,1629690,-0.38022813688212925,003470,유안타증권
2026-02-26,5260,5820,5160,5410,4191977,3.2442748091603053,003470,유안타증권
2026-02-20,40,41,38,39,3980882,-2.5,530062,삼성 인버스 2X 은 선물 ETN(H)
2026-02-23,36,38,34,34,5307378,-12.82051282051282,530062,삼성 인버스 2X 은 선물 ETN(H)
2026-02-24,34,37,33,33,4352279,-2.941176470588235,530062,삼성 인버스 2X 은 선물 ETN(H)
2026-02-25,35,36,32,32,3654474,-3.0303030303030303,530062,삼성 인버스 2X 은 선물 ETN(H)
2026-02-26,36,36,32,34,3923739,6.25,530062,삼성 인버스 2X 은 선물 ETN(H)
2026-02-20,15305,15365,15295,15355,2849900,0.3266906239790918,448330,KODEX 삼성전자채권혼합
2026-02-23,15455,15530,15355,15420,3600687,0.4233148811462064,448330,KODEX 삼성전자채권혼합
2026-02-24,15420,15610,15390,15590,3168717,1.1024643320363166,448330,KODEX 삼성전자채권혼합
2026-02-25,15650,15745,15620,15710,4967235,0.7697241821680565,448330,KODEX 삼성전자채권혼합
2026-02-26,15750,16015,15710,15970,3853711,1.6549968173138128,448330,KODEX 삼성전자채권혼합
2026-02-20,3795,3820,3735,3750,4886257,-1.3157894736842104,228790,TIGER 화장품
2026-02-23,3770,3785,3700,3720,4581202,-0.8,228790,TIGER 화장품
2026-02-24,3725,3765,3715,3720,3669088,0.0,228790,TIGER 화장품
2026-02-25,3730,3740,3680,3715,4256982,-0.13440860215053765,228790,TIGER 화장품
2026-02-26,3735,3805,3720,3770,3828010,1.4804845222072678,228790,TIGER 화장품
2026-02-20,718,735,660,661,9206924,-6.24113475177305,069460,대호에이엘
2026-02-23,660,662,631,652,3539109,-1.361573373676248,069460,대호에이엘
2026-02-24,652,684,638,668,4624480,2.4539877300613497,069460,대호에이엘
2026-02-25,688,698,663,665,3744706,-0.4491017964071856,069460,대호에이엘
2026-02-26,657,665,600,619,3749487,-6.917293233082707,069460,대호에이엘
2026-02-20,37470,38890,36380,38750,4410829,3.416066186282359,488080,TIGER 반도체TOP10레버리지
2026-02-23,40085,40450,38075,38910,3186977,0.4129032258064516,488080,TIGER 반도체TOP10레버리지
2026-02-24,38700,41385,37880,41360,4094082,6.296581855564122,488080,TIGER 반도체TOP10레버리지
2026-02-25,41990,42840,41385,42090,3640251,1.7649903288201159,488080,TIGER 반도체TOP10레버리지
2026-02-26,43980,46835,43095,46445,3751855,10.34687574245664,488080,TIGER 반도체TOP10레버리지
2026-02-20,14850,14880,13260,13630,4189380,-1.2318840579710146,001500,현대차증권
2026-02-23,13750,14200,12790,12850,2201578,-5.722670579603815,001500,현대차증권
2026-02-24,12460,12620,12020,12470,1162092,-2.9571984435797662,001500,현대차증권
2026-02-25,13050,13210,12570,12890,1225252,3.3680834001603848,001500,현대차증권
2026-02-26,12750,14500,12370,13280,3697419,3.0256012412723043,001500,현대차증권
2026-02-20,23200,23230,22800,23165,1874828,-0.3012696363245104,455850,SOL AI반도체소부장
2026-02-23,23255,23260,22580,22860,1629545,-1.3166414849989208,455850,SOL AI반도체소부장
2026-02-24,22800,23365,22450,23305,1740461,1.94663167104112,455850,SOL AI반도체소부장
2026-02-25,23520,23735,23165,23275,2622264,-0.12872774082814847,455850,SOL AI반도체소부장
2026-02-26,24195,24620,23850,24600,3604422,5.692803437164339,455850,SOL AI반도체소부장
2026-02-20,133700,135100,131200,135100,4799751,1.198501872659176,005935,삼성전자우
2026-02-23,137100,139800,133700,136100,4351438,0.7401924500370096,005935,삼성전자우
2026-02-24,135900,140900,134200,140900,4880860,3.526818515797208,005935,삼성전자우
2026-02-25,142000,144200,140400,142300,4909386,0.99361249112846,005935,삼성전자우
2026-02-26,142500,150000,142400,148300,3617017,4.2164441321152495,005935,삼성전자우
2026-02-20,30155,31010,29905,31010,3707523,2.97194089324257,292150,TIGER 코리아TOP10
2026-02-23,31530,31755,30850,31230,4336871,0.709448564979039,292150,TIGER 코리아TOP10
2026-02-24,31225,32170,30800,32170,3875205,3.009926352865834,292150,TIGER 코리아TOP10
2026-02-25,32385,33110,32305,32870,5273463,2.175940317065589,292150,TIGER 코리아TOP10
2026-02-26,33110,33875,33010,33710,3569159,2.555521752357773,292150,TIGER 코리아TOP10
2026-02-20,24895,25575,24795,25575,5064296,2.855419264025739,495050,RISE 코리아밸류업
2026-02-23,25980,26070,25410,25720,4554949,0.5669599217986315,495050,RISE 코리아밸류업
2026-02-24,25705,26210,25215,26200,3733078,1.8662519440124419,495050,RISE 코리아밸류업
2026-02-25,26355,26970,26310,26740,5265616,2.0610687022900764,495050,RISE 코리아밸류업
2026-02-26,26900,27360,26835,27330,3444736,2.2064323111443533,495050,RISE 코리아밸류업
2026-02-20,1950,2035,1823,1938,54775381,4.1375604513702315,003280,흥아해운
2026-02-23,1875,2100,1835,1964,39821721,1.3415892672858616,003280,흥아해운
2026-02-24,1945,2060,1886,1934,12040052,-1.5274949083503055,003280,흥아해운
2026-02-25,1891,1958,1880,1881,6990219,-2.7404343329886243,003280,흥아해운
2026-02-26,1871,1885,1805,1818,3457083,-3.349282296650718,003280,흥아해운
2026-02-20,295,310,282,308,1695356,3.7037037037037033,118000,메타케어
2026-02-23,305,317,302,317,651439,2.922077922077922,118000,메타케어
2026-02-24,315,378,310,361,21287534,13.880126182965299,118000,메타케어
2026-02-25,361,362,337,349,4585406,-3.32409972299169,118000,메타케어
2026-02-26,347,372,344,355,3386955,1.7191977077363898,118000,메타케어
2026-02-20,120300,126100,120300,123600,1906702,2.064409578860446,066570,LG전자
2026-02-23,125400,139500,124500,132600,5519357,7.281553398058252,066570,LG전자
2026-02-24,134700,135800,128600,134500,1918668,1.4328808446455505,066570,LG전자
2026-02-25,134400,134400,131200,133300,1265443,-0.8921933085501859,066570,LG전자
2026-02-26,142000,149100,140500,147850,3324304,10.9152288072018,066570,LG전자
2026-02-20,35080,35195,34655,34870,1558815,-0.5135520684736091,445290,KODEX 로봇액티브
2026-02-23,35280,35480,34530,34810,1312639,-0.1720676799541153,445290,KODEX 로봇액티브
2026-02-24,34855,35665,34420,35560,1154089,2.154553289284688,445290,KODEX 로봇액티브
2026-02-25,35995,37175,35640,37175,3593850,4.541619797525309,445290,KODEX 로봇액티브
2026-02-26,37565,38260,37200,38255,3227756,2.9051782111634163,445290,KODEX 로봇액티브
2026-02-20,31095,31935,31090,31930,3534286,2.33974358974359,395270,HANARO Fn K-반도체
2026-02-23,32510,33150,32100,32660,3635592,2.2862511744440965,395270,HANARO Fn K-반도체
2026-02-24,32560,33795,32070,33795,3733172,3.4751990202082057,395270,HANARO Fn K-반도체
2026-02-25,34200,34547,33825,34295,4687385,1.4795088030773782,395270,HANARO Fn K-반도체
2026-02-26,34835,35750,34670,35635,3256988,3.907275112990232,395270,HANARO Fn K-반도체
2026-02-20,17100,17165,16830,16880,1410561,-1.3154048523823443,469070,RISE AI&로봇
2026-02-23,16990,17075,16570,16705,1130072,-1.0367298578199051,469070,RISE AI&로봇
2026-02-24,16675,17065,16460,16980,1664769,1.646213708470518,469070,RISE AI&로봇
2026-02-25,17200,17760,16975,17760,2517983,4.593639575971731,469070,RISE AI&로봇
2026-02-26,17825,18025,17630,17910,3044704,0.8445945945945946,469070,RISE AI&로봇
2026-02-20,62045,63770,60345,63470,2857877,2.280235275159133,494310,KODEX 반도체레버리지
2026-02-23,66550,66995,61800,63100,2229629,-0.582952576020167,494310,KODEX 반도체레버리지
2026-02-24,62800,67475,61810,67205,2833387,6.50554675118859,494310,KODEX 반도체레버리지
2026-02-25,69895,69950,67360,68155,2846229,1.4135852987128934,494310,KODEX 반도체레버리지
2026-02-26,69900,74555,69875,74040,3025104,8.634729660333065,494310,KODEX 반도체레버리지
2026-02-20,91585,93050,90430,92945,3322481,1.484959327400775,091160,KODEX 반도체
2026-02-23,94820,95000,91570,92385,3095128,-0.6025068588950455,091160,KODEX 반도체
2026-02-24,92040,95750,91665,95695,3672786,3.582832710937923,091160,KODEX 반도체
2026-02-25,96815,97195,95650,96215,4637406,0.5433930717383353,091160,KODEX 반도체
2026-02-26,98145,100805,97865,100500,3023607,4.453567531050252,091160,KODEX 반도체
2026-02-20,1704,1709,1627,1630,3445274,-4.900816802800467,520055,미래에셋 인버스 2X 코스피200 선물 ETN
2026-02-23,1570,1642,1551,1611,2945638,-1.165644171779141,520055,미래에셋 인버스 2X 코스피200 선물 ETN
2026-02-24,1611,1650,1531,1531,2854418,-4.9658597144630665,520055,미래에셋 인버스 2X 코스피200 선물 ETN
2026-02-25,1503,1526,1437,1468,5704509,-4.11495754408883,520055,미래에셋 인버스 2X 코스피200 선물 ETN
2026-02-26,1452,1455,1389,1394,2981764,-5.040871934604905,520055,미래에셋 인버스 2X 코스피200 선물 ETN
2026-02-20,1415,1460,1392,1457,2207610,3.3333333333333335,034830,한국토지신탁
2026-02-23,1461,1471,1425,1469,1669117,0.8236101578586137,034830,한국토지신탁
2026-02-24,1475,1878,1468,1716,43798291,16.8141592920354,034830,한국토지신탁
2026-02-25,1716,1778,1687,1698,12386363,-1.048951048951049,034830,한국토지신탁
2026-02-26,1695,1695,1621,1661,2920267,-2.1790341578327443,034830,한국토지신탁
2026-02-20,74300,74400,69300,70900,7071621,0.5673758865248227,006800,미래에셋증권
2026-02-23,71500,71800,67000,68300,5616425,-3.6671368124118473,006800,미래에셋증권
2026-02-24,66600,68900,63100,67100,7763745,-1.7569546120058566,006800,미래에셋증권
2026-02-25,71100,75900,68400,72900,8684646,8.64381520119225,006800,미래에셋증권
2026-02-26,72400,73300,70500,71800,2901560,-1.5089163237311385,006800,미래에셋증권
2026-02-20,23890,23920,23865,23900,4969645,-0.1670843776106934,379810,KODEX 미국나스닥100
2026-02-23,23845,23845,23675,23700,5250056,-0.8368200836820083,379810,KODEX 미국나스닥100
2026-02-24,23700,23845,23695,23730,5322779,0.12658227848101267,379810,KODEX 미국나스닥100
2026-02-25,23890,23970,23700,23715,6965220,-0.06321112515802782,379810,KODEX 미국나스닥100
2026-02-26,23905,23925,23780,23825,2905280,0.4638414505587181,379810,KODEX 미국나스닥100
2026-02-20,21800,21800,20395,21025,8599774,2.236810114271821,157500,TIGER 증권
2026-02-23,21410,21410,19950,20110,4896202,-4.3519619500594535,157500,TIGER 증권
2026-02-24,19680,19895,18695,19570,5265873,-2.6852312282446547,157500,TIGER 증권
2026-02-25,20000,20730,19580,20310,4507634,3.781297904956566,157500,TIGER 증권
2026-02-26,20300,20560,19810,20140,2724832,-0.8370260955194485,157500,TIGER 증권
2026-02-20,1928,1930,1884,1885,6727181,-2.3821853961677886,123310,TIGER 인버스
2026-02-23,1850,1891,1840,1873,8301515,-0.636604774535809,123310,TIGER 인버스
2026-02-24,1872,1895,1826,1826,9026649,-2.5093432995194873,123310,TIGER 인버스
2026-02-25,1810,1823,1771,1790,12272409,-1.9715224534501645,123310,TIGER 인버스
2026-02-26,1776,1781,1742,1745,2660673,-2.5139664804469275,123310,TIGER 인버스
2026-02-20,17619,17860,17502,17860,3354752,2.0454805165123986,472150,TIGER 배당커버드콜액티브
2026-02-23,18428,18614,17806,17967,5871140,0.5991041433370661,472150,TIGER 배당커버드콜액티브
2026-02-24,17967,18301,17747,18301,4458185,1.8589636555908056,472150,TIGER 배당커버드콜액티브
2026-02-25,18521,18688,18345,18610,6240754,1.6884323261023986,472150,TIGER 배당커버드콜액티브
2026-02-26,18760,18945,18645,18890,2546411,1.5045674368619022,472150,TIGER 배당커버드콜액티브
2026-02-20,2420,2425,2280,2305,9093190,-2.9473684210526314,005880,대한해운
2026-02-23,2310,2330,2240,2260,6206463,-1.9522776572668112,005880,대한해운
2026-02-24,2250,2305,2220,2295,3909274,1.5486725663716814,005880,대한해운
2026-02-25,2300,2310,2200,2250,4759697,-1.9607843137254901,005880,대한해운
2026-02-26,2270,2270,2185,2200,2547402,-2.2222222222222223,005880,대한해운
2026-02-20,387,391,370,380,1987475,-1.8087855297157622,003060,에이프로젠바이오로직스
2026-02-23,394,394,367,371,1169835,-2.368421052631579,003060,에이프로젠바이오로직스
2026-02-24,290,474,287,408,48304633,9.973045822102426,003060,에이프로젠바이오로직스
2026-02-25,408,457,357,359,12088085,-12.009803921568627,003060,에이프로젠바이오로직스
2026-02-26,359,384,356,364,2472677,1.392757660167131,003060,에이프로젠바이오로직스
2026-02-20,10950,11145,10895,11100,3914156,1.7881705639614855,364980,TIGER 2차전지TOP10
2026-02-23,11205,11235,10875,10965,2114996,-1.2162162162162162,364980,TIGER 2차전지TOP10
2026-02-24,11165,11465,11060,11440,5581683,4.331965344277246,364980,TIGER 2차전지TOP10
2026-02-25,11515,11775,11215,11655,4233872,1.8793706293706292,364980,TIGER 2차전지TOP10
2026-02-26,11855,11935,11505,11720,2444663,0.5577005577005577,364980,TIGER 2차전지TOP10
2026-02-20,1712,1717,1636,1644,1368416,-4.307334109429569,530105,삼성 인버스 2X 코스피200 선물 ETN
2026-02-23,1582,1654,1562,1622,1966983,-1.338199513381995,530105,삼성 인버스 2X 코스피200 선물 ETN
2026-02-24,1614,1655,1534,1538,2921326,-5.178791615289765,530105,삼성 인버스 2X 코스피200 선물 ETN
2026-02-25,1512,1531,1443,1475,3647894,-4.096228868660598,530105,삼성 인버스 2X 코스피200 선물 ETN
2026-02-26,1454,1459,1392,1401,2453963,-5.016949152542373,530105,삼성 인버스 2X 코스피200 선물 ETN
2026-02-20,84650,86400,84380,86265,4073008,2.2824282665401943,102110,TIGER 200
2026-02-23,87945,88400,86105,86900,5665189,0.7361038659943199,102110,TIGER 200
2026-02-24,86970,89105,85860,89030,5445111,2.4510932105868815,102110,TIGER 200
2026-02-25,89840,91805,89255,90840,6575554,2.033022576659553,102110,TIGER 200
2026-02-26,91405,93445,91270,93225,2437645,2.6254953764861293,102110,TIGER 200
2026-02-20,796,804,780,785,235640,-1.3819095477386936,006740,블루산업개발
2026-02-23,784,785,750,757,484531,-3.56687898089172,006740,블루산업개발
2026-02-24,757,759,730,736,427948,-2.7741083223249667,006740,블루산업개발
2026-02-25,740,748,735,745,134487,1.2228260869565217,006740,블루산업개발
2026-02-26,565,679,565,630,2352341,-15.436241610738255,006740,블루산업개발
2026-02-20,200500,202000,197300,200500,836127,-0.49627791563275436,042700,한미반도체
2026-02-23,201500,208500,200500,204000,939820,1.7456359102244388,042700,한미반도체
2026-02-24,203500,214000,196800,210000,1645860,2.941176470588235,042700,한미반도체
2026-02-25,210500,215500,208000,214500,1064978,2.142857142857143,042700,한미반도체
2026-02-26,233000,248500,228000,243500,2300031,13.51981351981352,042700,한미반도체
2026-02-20,65100,70000,64700,67400,1329367,4.1731066460587325,377300,카카오페이
2026-02-23,69400,69400,66200,66500,743819,-1.3353115727002967,377300,카카오페이
2026-02-24,67300,67500,65400,66400,425958,-0.15037593984962408,377300,카카오페이
2026-02-25,65600,65700,63400,64100,593917,-3.463855421686747,377300,카카오페이
2026-02-26,69500,73300,68000,71500,2318616,11.54446177847114,377300,카카오페이
2026-02-20,25100,25250,24900,25150,2171391,-0.984251968503937,003490,대한항공
2026-02-23,25500,26850,25350,26450,6303144,5.168986083499006,003490,대한항공
2026-02-24,26450,26700,26000,26500,2446386,0.1890359168241966,003490,대한항공
2026-02-25,27000,29750,26600,28950,10295703,9.245283018867925,003490,대한항공
2026-02-26,28850,28900,27900,28350,2240518,-2.072538860103627,003490,대한항공
2026-02-20,892000,955000,881000,949000,5054333,6.152125279642058,000660,SK하이닉스
2026-02-23,980000,980000,941000,951000,3523887,0.21074815595363539,000660,SK하이닉스
2026-02-24,952000,1005000,946000,1005000,4102382,5.678233438485805,000660,SK하이닉스
2026-02-25,1012000,1038000,1004000,1018000,3462525,1.2935323383084576,000660,SK하이닉스
2026-02-26,1024000,1053500,1023000,1042000,2200705,2.357563850687623,000660,SK하이닉스
2026-02-20,1825,2205,1785,1940,26941239,6.417992320351069,012030,DB
2026-02-23,2050,2415,2010,2200,25993807,13.402061855670103,012030,DB
2026-02-24,2265,2275,2095,2100,5397568,-4.545454545454546,012030,DB
2026-02-25,2110,2245,2060,2130,5621856,1.4285714285714286,012030,DB
2026-02-26,2115,2195,2020,2185,2217490,2.5821596244131455,012030,DB
2026-02-20,29250,29550,28650,29500,4746560,2.0761245674740483,010140,삼성중공업
2026-02-23,29800,29850,29000,29250,3901161,-0.847457627118644,010140,삼성중공업
2026-02-24,28950,29000,28350,29000,3285653,-0.8547008547008548,010140,삼성중공업
2026-02-25,29300,29300,28800,28950,3242793,-0.1724137931034483,010140,삼성중공업
2026-02-26,29000,29000,28300,28600,2151134,-1.2089810017271159,010140,삼성중공업
2026-02-20,18920,19075,18505,18620,1003835,-2.0515518148342977,0005D0,SOL 전고체배터리&실리콘음극재
2026-02-23,18825,18930,18130,18245,784088,-2.013963480128894,0005D0,SOL 전고체배터리&실리콘음극재
2026-02-24,18565,19265,18565,19010,2571557,4.192929569745136,0005D0,SOL 전고체배터리&실리콘음극재
2026-02-25,19310,20130,18995,19550,1767343,2.8406102051551816,0005D0,SOL 전고체배터리&실리콘음극재
2026-02-26,19940,20315,19510,19935,2133899,1.969309462915601,0005D0,SOL 전고체배터리&실리콘음극재
2026-02-20,13122,13245,13092,13245,2124177,1.2769536626395472,475720,RISE 200위클리커버드콜
2026-02-23,13358,13383,13270,13319,2837374,0.5587013967534918,475720,RISE 200위클리커버드콜
2026-02-24,13319,13496,13186,13496,2681338,1.3289285982431114,475720,RISE 200위클리커버드콜
2026-02-25,13526,13644,13516,13630,3458841,0.9928867812685239,475720,RISE 200위클리커버드콜
2026-02-26,13645,13700,13625,13685,2108996,0.4035216434336023,475720,RISE 200위클리커버드콜
2026-02-20,4315,4345,4195,4275,2255901,-1.1560693641618496,003620,KG모빌리티
2026-02-23,4355,4400,4105,4115,2757577,-3.7426900584795324,003620,KG모빌리티
2026-02-24,4120,4120,3970,4055,2055464,-1.4580801944106925,003620,KG모빌리티
2026-02-25,4060,4565,4060,4270,13552979,5.30209617755857,003620,KG모빌리티
2026-02-26,4290,4375,4105,4205,2045152,-1.5222482435597189,003620,KG모빌리티
2026-02-20,99200,106800,98400,103500,12069557,5.182926829268292,034020,두산에너빌리티
2026-02-23,105300,105300,101000,102000,5545186,-1.4492753623188406,034020,두산에너빌리티
2026-02-24,101800,102700,99100,101300,3886617,-0.6862745098039216,034020,두산에너빌리티
2026-02-25,102300,104200,101400,103200,4216954,1.8756169792694966,034020,두산에너빌리티
2026-02-26,104100,104500,102650,103700,1919649,0.4844961240310077,034020,두산에너빌리티
2026-02-20,17135,18205,16935,17870,5718688,4.411335086181712,0098F0,KODEX 원자력SMR
2026-02-23,18370,18845,17940,18250,2897696,2.1264689423614995,0098F0,KODEX 원자력SMR
2026-02-24,18250,18520,17720,18300,1788373,0.273972602739726,0098F0,KODEX 원자력SMR
2026-02-25,18560,19250,18505,19070,3228071,4.2076502732240435,0098F0,KODEX 원자력SMR
2026-02-26,19350,19380,18985,19330,1890255,1.3633980073413738,0098F0,KODEX 원자력SMR
2026-02-20,7580,9540,7580,9300,22041168,25.168236877523555,000370,한화손해보험
2026-02-23,9820,10800,8400,8520,14729870,-8.38709677419355,000370,한화손해보험
2026-02-24,8450,8690,7910,8050,4321831,-5.516431924882629,000370,한화손해보험
2026-02-25,8100,8440,7900,7980,3851129,-0.8695652173913043,000370,한화손해보험
2026-02-26,7850,8260,7740,7960,1881126,-0.2506265664160401,000370,한화손해보험
2026-02-20,32645,32910,32635,32865,3015160,0.7047648230427455,411060,ACE KRX금현물
2026-02-23,33750,33805,33420,33575,4155739,2.160352959075004,411060,ACE KRX금현물
2026-02-24,34180,34255,33610,33780,3896163,0.6105733432613553,411060,ACE KRX금현물
2026-02-25,33675,33750,33420,33480,3513967,-0.8880994671403196,411060,ACE KRX금현물
2026-02-26,33330,33360,33100,33195,1883947,-0.8512544802867384,411060,ACE KRX금현물
2026-02-20,2020,2075,2015,2030,1442778,-0.2457002457002457,348950,제이알글로벌리츠
2026-02-23,2020,2045,2000,2045,1992638,0.7389162561576355,348950,제이알글로벌리츠
2026-02-24,2055,2055,2005,2035,1230168,-0.4889975550122249,348950,제이알글로벌리츠
2026-02-25,2025,2045,2000,2015,4187114,-0.9828009828009828,348950,제이알글로벌리츠
2026-02-26,2020,2020,1925,1932,1912101,-4.11910669975186,348950,제이알글로벌리츠
2026-02-20,23250,23300,22700,23150,2619449,1.9823788546255507,011200,HMM
2026-02-23,23200,23250,22600,22950,1810316,-0.8639308855291578,011200,HMM
2026-02-24,23000,23050,22600,22950,1564676,0.0,011200,HMM
2026-02-25,22950,23900,22800,23450,3221427,2.178649237472767,011200,HMM
2026-02-26,23200,23200,22150,22450,1791100,-4.264392324093817,011200,HMM
2026-02-20,9990,10400,9150,10400,20357725,30.0,009290,광동제약
2026-02-23,10710,12800,10700,11080,21181509,6.538461538461539,009290,광동제약
2026-02-24,10890,10890,9900,10160,3671055,-8.303249097472925,009290,광동제약
2026-02-25,10170,10220,9350,9500,2687577,-6.496062992125983,009290,광동제약
2026-02-26,9400,9950,9170,9880,1869342,4.0,009290,광동제약
2026-02-20,3955,4045,3850,3990,2047075,0.37735849056603776,012860,모베이스전자
2026-02-23,4085,4325,3935,3980,4388853,-0.2506265664160401,012860,모베이스전자
2026-02-24,3930,3970,3825,3850,2025389,-3.2663316582914574,012860,모베이스전자
2026-02-25,3945,5000,3885,5000,24238918,29.87012987012987,012860,모베이스전자
2026-02-26,5280,5580,4675,5090,39503753,1.7999999999999998,012860,모베이스전자
2026-02-20,4485,4490,4160,4195,7567672,-6.152125279642058,049630,재영솔루텍
2026-02-23,4280,4330,4125,4155,5023160,-0.9535160905840285,049630,재영솔루텍
2026-02-24,4160,4170,4030,4080,4358324,-1.8050541516245486,049630,재영솔루텍
2026-02-25,4175,4470,4080,4345,10833906,6.495098039215687,049630,재영솔루텍
2026-02-26,4700,5180,4550,4735,31171939,8.975834292289989,049630,재영솔루텍
2026-02-20,630,631,600,622,438032,-1.2698412698412698,053950,경남제약
2026-02-23,622,626,613,617,430083,-0.8038585209003215,053950,경남제약
2026-02-24,617,739,617,630,4102025,2.106969205834684,053950,경남제약
2026-02-25,640,819,634,819,10980974,30.0,053950,경남제약
2026-02-26,830,1015,828,880,29497105,7.448107448107448,053950,경남제약
2026-02-20,129,155,123,124,20265595,-0.8,038880,아이에이
2026-02-23,130,133,122,129,4989228,4.032258064516129,038880,아이에이
2026-02-24,128,145,125,139,7254698,7.751937984496124,038880,아이에이
2026-02-25,142,146,135,136,4215012,-2.158273381294964,038880,아이에이
2026-02-26,136,172,136,155,21418529,13.970588235294118,038880,아이에이
2026-02-20,112,115,108,112,5748879,0.0,900300,오가닉티코스메틱
2026-02-23,113,113,105,110,4825990,-1.7857142857142856,900300,오가닉티코스메틱
2026-02-24,110,122,109,115,15694331,4.545454545454546,900300,오가닉티코스메틱
2026-02-25,117,147,115,131,68434814,13.91304347826087,900300,오가닉티코스메틱
2026-02-26,132,143,121,127,17284417,-3.0534351145038165,900300,오가닉티코스메틱
2026-02-20,9310,10390,8100,9280,33584354,5.5745164960182025,187660,현대ADM
2026-02-23,9330,12060,8950,12060,28909783,29.95689655172414,187660,현대ADM
2026-02-24,12060,15670,12060,15670,10296958,29.933665008291875,187660,현대ADM
2026-02-25,0,0,0,15670,0,0.0,187660,현대ADM
2026-02-26,18480,20350,16800,19490,14027052,24.377791959157626,187660,현대ADM
2026-02-20,3780,3875,3630,3675,2898687,-2.519893899204244,242040,나무기술
2026-02-23,3685,3950,3635,3800,2974214,3.4013605442176873,242040,나무기술
2026-02-24,3800,3940,3700,3800,2626813,0.0,242040,나무기술
2026-02-25,3845,4895,3845,4755,25316452,25.13157894736842,242040,나무기술
2026-02-26,4765,6140,4765,5990,12488577,25.9726603575184,242040,나무기술
2026-02-20,1940,1979,1808,1845,1552075,-4.205607476635514,229000,젠큐릭스
2026-02-23,1849,2200,1795,2055,5471361,11.38211382113821,229000,젠큐릭스
2026-02-24,2040,2670,1955,2670,7347391,29.927007299270077,229000,젠큐릭스
2026-02-25,3470,3470,3235,3470,1352435,29.962546816479403,229000,젠큐릭스
2026-02-26,4510,4510,3630,4150,12645197,19.596541786743515,229000,젠큐릭스
2026-02-20,7960,7960,7520,7540,391199,-5.157232704402516,308080,바이젠셀
2026-02-23,7600,8310,7600,8060,851260,6.896551724137931,308080,바이젠셀
2026-02-24,8120,9260,6130,6130,3457041,-23.9454094292804,308080,바이젠셀
2026-02-25,7300,7960,7200,7960,1057256,29.853181076672104,308080,바이젠셀
2026-02-26,8500,10340,8010,8970,9990764,12.688442211055277,308080,바이젠셀
2026-02-20,644,670,622,652,2196631,1.2422360248447204,054220,비츠로시스
2026-02-23,652,765,641,715,7898331,9.662576687116564,054220,비츠로시스
2026-02-24,740,929,730,929,27855637,29.93006993006993,054220,비츠로시스
2026-02-25,998,999,793,793,11311298,-14.639397201291713,054220,비츠로시스
2026-02-26,879,953,810,844,9481419,6.431273644388398,054220,비츠로시스
2026-02-20,1267,1539,1230,1381,3883500,11.281224818694602,377030,비트맥스
2026-02-23,1381,1430,1312,1330,594278,-3.692976104272266,377030,비트맥스
2026-02-24,1201,1220,931,931,6649406,-30.0,377030,비트맥스
2026-02-25,923,1180,900,1129,7738716,21.267454350161117,377030,비트맥스
2026-02-26,1151,1467,1151,1177,9142484,4.251550044286979,377030,비트맥스
2026-02-20,1636,1636,1560,1598,1781034,-2.3227383863080684,092040,아미코젠
2026-02-23,1600,1615,1537,1556,1115306,-2.6282853566958697,092040,아미코젠
2026-02-24,1234,1289,1186,1253,15569682,-19.473007712082264,092040,아미코젠
2026-02-25,1270,1320,1239,1245,5075134,-0.6384676775738228,092040,아미코젠
2026-02-26,1245,1479,1235,1390,9116503,11.646586345381527,092040,아미코젠
2026-02-20,7430,7510,7200,7310,3735674,-2.14190093708166,036540,SFA반도체
2026-02-23,7340,7370,7040,7120,3054098,-2.5991792065663475,036540,SFA반도체
2026-02-24,7100,7600,6970,7320,7845604,2.8089887640449436,036540,SFA반도체
2026-02-25,7470,7480,7110,7170,3058259,-2.0491803278688523,036540,SFA반도체
2026-02-26,7290,7760,7210,7560,8880733,5.439330543933055,036540,SFA반도체
2026-02-20,7400,7650,7300,7430,291636,-0.535475234270415,046890,서울반도체
2026-02-23,7480,7570,7330,7330,239563,-1.3458950201884252,046890,서울반도체
2026-02-24,7310,9520,7260,9520,2729290,29.877216916780352,046890,서울반도체
2026-02-25,12370,12370,12370,12370,302319,29.936974789915965,046890,서울반도체
2026-02-26,13430,14910,12500,13400,8567487,8.326596604688763,046890,서울반도체
2026-02-20,8730,9230,8600,8890,6302610,1.94954128440367,064260,다날
2026-02-23,9030,9320,8710,8830,5451346,-0.6749156355455568,064260,다날
2026-02-24,8850,8910,8590,8700,2179872,-1.4722536806342015,064260,다날
2026-02-25,8700,8710,8370,8430,2511260,-3.103448275862069,064260,다날
2026-02-26,9190,9370,8770,8880,8282402,5.338078291814947,064260,다날
2026-02-20,993,999,920,927,2769118,-6.646525679758309,076610,해성옵틱스
2026-02-23,940,1182,939,1110,20454549,19.741100323624593,076610,해성옵틱스
2026-02-24,1145,1443,1118,1443,30636479,30.0,076610,해성옵틱스
2026-02-25,1609,1769,1404,1404,26352083,-2.7027027027027026,076610,해성옵틱스
2026-02-26,1410,1500,1301,1429,8222031,1.7806267806267806,076610,해성옵틱스
2026-02-20,5250,6060,5090,5570,21302440,5.293005671077505,125020,티씨머티리얼즈
2026-02-23,5690,6330,5660,5870,11871677,5.385996409335727,125020,티씨머티리얼즈
2026-02-24,5760,6420,5570,5960,9877314,1.5332197614991483,125020,티씨머티리얼즈
2026-02-25,6180,6250,5770,5820,3433682,-2.348993288590604,125020,티씨머티리얼즈
2026-02-26,5970,6800,5910,6160,7397907,5.841924398625429,125020,티씨머티리얼즈
2026-02-20,3650,4430,3505,4110,57335353,14.965034965034965,010170,대한광통신
2026-02-23,4140,5040,4065,4760,56475951,15.815085158150852,010170,대한광통신
2026-02-24,4760,4790,4325,4550,18070492,-4.411764705882353,010170,대한광통신
2026-02-25,4600,4895,4130,4145,18983698,-8.901098901098901,010170,대한광통신
2026-02-26,4250,4350,4075,4235,7331048,2.1712907117008444,010170,대한광통신
2026-02-20,2360,2450,2305,2340,4143624,0.0,225190,LK삼양
2026-02-23,2325,2370,2230,2265,2974381,-3.205128205128205,225190,LK삼양
2026-02-24,2280,2335,2205,2295,2211544,1.3245033112582782,225190,LK삼양
2026-02-25,2325,2725,2210,2475,18389117,7.8431372549019605,225190,LK삼양
2026-02-26,2490,2740,2430,2530,6998449,2.2222222222222223,225190,LK삼양
2026-02-20,13160,16180,12950,14850,62709422,14.671814671814673,032820,우리기술
2026-02-23,15540,17610,15540,16930,46023916,14.006734006734007,032820,우리기술
2026-02-24,17300,18650,15600,17150,32908577,1.299468399291199,032820,우리기술
2026-02-25,17830,18200,16640,17240,13612306,0.5247813411078718,032820,우리기술
2026-02-26,17330,17520,16500,16710,6889190,-3.074245939675174,032820,우리기술
2026-02-20,46700,47600,44600,45700,3068623,-2.0364415862808145,080220,제주반도체
2026-02-23,46300,47000,43400,45150,2689460,-1.2035010940919038,080220,제주반도체
2026-02-24,45150,47050,43000,44800,4757508,-0.7751937984496124,080220,제주반도체
2026-02-25,45600,45850,43500,43500,2260217,-2.9017857142857144,080220,제주반도체
2026-02-26,44550,47400,44000,46200,6767617,6.206896551724138,080220,제주반도체
2026-02-20,13770,14300,13100,13670,3431856,-0.5094614264919942,048410,현대바이오
2026-02-23,13770,17770,13770,17770,12217245,29.992684711046085,048410,현대바이오
2026-02-24,18000,21500,16400,20000,22906485,12.549240292628024,048410,현대바이오
2026-02-25,20600,21450,18550,19060,5968455,-4.7,048410,현대바이오
2026-02-26,19650,20100,17600,17790,6253836,-6.663168940188877,048410,현대바이오
2026-02-20,402,479,388,458,42096619,13.930348258706468,038530,케이바이오
2026-02-23,458,458,400,402,14084304,-12.22707423580786,038530,케이바이오
2026-02-24,407,430,389,399,14803420,-0.7462686567164178,038530,케이바이오
2026-02-25,408,474,389,425,40665401,6.516290726817042,038530,케이바이오
2026-02-26,434,437,397,398,6211288,-6.352941176470588,038530,케이바이오
2026-02-20,577,578,557,564,292758,-2.5906735751295336,115480,씨유메디칼
2026-02-23,561,583,561,574,335380,1.773049645390071,115480,씨유메디칼
2026-02-24,572,580,566,573,214400,-0.17421602787456447,115480,씨유메디칼
2026-02-25,571,581,522,550,3575898,-4.013961605584642,115480,씨유메디칼
2026-02-26,602,662,570,605,5826167,10.0,115480,씨유메디칼
2026-02-20,5700,6070,5510,5900,2713145,3.873239436619718,307180,아이엘
2026-02-23,5950,6400,5950,6290,3007380,6.610169491525424,307180,아이엘
2026-02-24,6400,6430,5770,5970,2854815,-5.087440381558029,307180,아이엘
2026-02-25,6050,7660,6040,7340,8469048,22.948073701842546,307180,아이엘
2026-02-26,7500,9470,7380,9060,5443737,23.43324250681199,307180,아이엘
2026-02-20,350,356,316,337,655313,-5.602240896358544,008290,원풍물산
2026-02-23,337,337,310,315,408425,-6.528189910979229,008290,원풍물산
2026-02-24,315,409,314,409,3136737,29.841269841269842,008290,원풍물산
2026-02-25,417,514,368,371,11480595,-9.290953545232274,008290,원풍물산
2026-02-26,371,456,370,389,5388505,4.8517520215633425,008290,원풍물산
2026-02-20,4890,5210,4625,4625,12166064,-7.5,065170,비엘팜텍
2026-02-23,4590,4980,4485,4660,6381259,0.7567567567567568,065170,비엘팜텍
2026-02-24,4535,4740,4225,4230,5354502,-9.2274678111588,065170,비엘팜텍
2026-02-25,4315,5390,4180,4865,15801395,15.011820330969266,065170,비엘팜텍
2026-02-26,4655,5230,4550,4720,5339084,-2.9804727646454263,065170,비엘팜텍
2026-02-20,26250,27550,24950,25300,1680116,-4.528301886792453,234340,헥토파이낸셜
2026-02-23,25650,26750,25050,25500,822627,0.7905138339920948,234340,헥토파이낸셜
2026-02-24,25900,26350,24250,24350,918281,-4.509803921568627,234340,헥토파이낸셜
2026-02-25,24350,24350,23200,23350,723524,-4.1067761806981515,234340,헥토파이낸셜
2026-02-26,26550,28900,26000,27750,5199171,18.843683083511777,234340,헥토파이낸셜
2026-02-20,0,0,0,19070,0,0.0,221800,유투바이오
2026-02-23,21600,24750,19450,24750,2466682,29.785002621919244,221800,유투바이오
2026-02-24,26700,28950,19970,19970,6504456,-19.31313131313131,221800,유투바이오
2026-02-25,21300,25950,18100,25950,6764303,29.944917376064094,221800,유투바이오
2026-02-26,25700,32400,25200,30900,4881461,19.07514450867052,221800,유투바이오
2026-02-20,13960,15120,13770,14290,14963347,2.071428571428571,090710,휴림로봇
2026-02-23,14530,14790,14310,14720,7101208,3.009097270818754,090710,휴림로봇
2026-02-24,14710,15500,14330,15190,18315569,3.192934782608696,090710,휴림로봇
2026-02-25,15410,15440,14880,15240,9131949,0.32916392363396973,090710,휴림로봇
2026-02-26,15250,15300,14800,14870,4761476,-2.4278215223097113,090710,휴림로봇
2026-02-20,345,371,327,354,4338688,2.608695652173913,317240,TS트릴리온
2026-02-23,358,392,358,389,5821111,9.887005649717514,317240,TS트릴리온
2026-02-24,393,393,369,376,2505241,-3.3419023136246784,317240,TS트릴리온
2026-02-25,372,488,372,417,41028224,10.904255319148938,317240,TS트릴리온
2026-02-26,418,438,390,393,4763413,-5.755395683453238,317240,TS트릴리온
2026-02-20,5380,5430,5270,5300,420995,-2.5735294117647056,101330,모베이스
2026-02-23,5440,5610,5310,5360,613176,1.1320754716981132,101330,모베이스
2026-02-24,5380,5450,5320,5370,529529,0.18656716417910446,101330,모베이스
2026-02-25,5470,6980,5410,6980,12394797,29.981378026070765,101330,모베이스
2026-02-26,6700,6980,6200,6430,4665905,-7.8796561604584525,101330,모베이스
2026-02-20,297,297,269,280,1420457,-5.723905723905724,115530,씨엔플러스
2026-02-23,279,279,254,254,1232089,-9.285714285714286,115530,씨엔플러스
2026-02-24,252,271,247,263,1490315,3.543307086614173,115530,씨엔플러스
2026-02-25,264,341,264,341,11360064,29.65779467680608,115530,씨엔플러스
2026-02-26,337,346,298,305,4455388,-10.557184750733137,115530,씨엔플러스
2026-02-20,9870,12680,9590,12680,39237756,29.918032786885245,006910,보성파워텍
2026-02-23,12680,13240,12050,12320,26057172,-2.8391167192429023,006910,보성파워텍
2026-02-24,12320,12630,11310,11560,8613949,-6.1688311688311686,006910,보성파워텍
2026-02-25,11910,12390,11350,11430,8112631,-1.124567474048443,006910,보성파워텍
2026-02-26,11510,12070,11130,11210,4303882,-1.9247594050743655,006910,보성파워텍
2026-02-20,3070,3130,2980,3000,6646682,-4.30622009569378,255220,SG
2026-02-23,2955,3020,2890,3005,4519419,0.16666666666666669,255220,SG
2026-02-24,2975,2975,2850,2900,5076356,-3.494176372712146,255220,SG
2026-02-25,2900,2900,2755,2755,4782124,-5.0,255220,SG
2026-02-26,2795,2985,2755,2925,4351594,6.170598911070781,255220,SG
2026-02-20,16820,19620,16810,19040,24445804,24.363161332462443,024060,흥구석유
2026-02-23,17690,23500,17200,21850,42503414,14.758403361344538,024060,흥구석유
2026-02-24,21500,24100,21200,21750,15872764,-0.4576659038901602,024060,흥구석유
2026-02-25,20800,22850,20500,21100,10937692,-2.9885057471264367,024060,흥구석유
2026-02-26,21100,21850,19500,19900,4330754,-5.687203791469194,024060,흥구석유
2026-02-20,773,773,743,761,618150,-2.435897435897436,288330,파라택시스코리아
2026-02-23,767,768,740,750,294855,-1.445466491458607,288330,파라택시스코리아
2026-02-24,757,757,674,690,2361767,-8.0,288330,파라택시스코리아
2026-02-25,700,752,684,714,809198,3.4782608695652173,288330,파라택시스코리아
2026-02-26,732,916,732,851,4090361,19.187675070028014,288330,파라택시스코리아
2026-02-20,923,959,882,930,4665690,2.197802197802198,019550,SBI인베스트먼트
2026-02-23,930,961,900,912,2555372,-1.935483870967742,019550,SBI인베스트먼트
2026-02-24,912,912,879,900,1475660,-1.3157894736842104,019550,SBI인베스트먼트
2026-02-25,900,903,862,864,1747452,-4.0,019550,SBI인베스트먼트
2026-02-26,851,851,766,772,3992306,-10.648148148148149,019550,SBI인베스트먼트
2026-02-20,3405,3430,3180,3225,1089830,-5.147058823529411,380540,옵티코어
2026-02-23,3230,3700,3230,3630,2921110,12.558139534883722,380540,옵티코어
2026-02-24,3635,3840,3430,3685,1897637,1.5151515151515151,380540,옵티코어
2026-02-25,3795,4130,3690,3960,3954705,7.462686567164178,380540,옵티코어
2026-02-26,4000,4475,3960,4175,3864791,5.42929292929293,380540,옵티코어
2026-02-20,2210,2290,2105,2115,7791782,-4.298642533936651,033340,좋은사람들
2026-02-23,2150,2350,2140,2245,9816417,6.1465721040189125,033340,좋은사람들
2026-02-24,2205,2295,2185,2240,3515226,-0.22271714922048996,033340,좋은사람들
2026-02-25,2255,2295,2115,2140,4575119,-4.464285714285714,033340,좋은사람들
2026-02-26,2130,2160,1990,1996,3823532,-6.728971962616822,033340,좋은사람들
2026-02-20,2305,2345,2285,2305,125684,0.0,123040,엠에스오토텍
2026-02-23,2320,2375,2300,2335,210495,1.3015184381778742,123040,엠에스오토텍
2026-02-24,2330,2330,2275,2300,181444,-1.4989293361884368,123040,엠에스오토텍
2026-02-25,2300,2990,2300,2990,7789890,30.0,123040,엠에스오토텍
2026-02-26,3185,3195,2750,2800,3660818,-6.354515050167224,123040,엠에스오토텍
2026-02-20,605,624,603,614,164025,1.6556291390728477,038060,루멘스
2026-02-23,618,666,601,648,409990,5.537459283387622,038060,루멘스
2026-02-24,648,673,634,662,163810,2.1604938271604937,038060,루멘스
2026-02-25,660,860,660,860,4211714,29.909365558912388,038060,루멘스
2026-02-26,786,837,718,731,3620321,-15.0,038060,루멘스
2026-02-20,497,521,481,488,7052730,3.171247357293869,227950,엔투텍
2026-02-23,490,492,456,459,3340672,-5.942622950819672,227950,엔투텍
2026-02-24,463,505,453,486,4566115,5.88235294117647,227950,엔투텍
2026-02-25,484,490,462,463,2504036,-4.732510288065844,227950,엔투텍
2026-02-26,601,601,601,601,3554547,29.805615550755938,227950,엔투텍
2026-02-20,46250,46850,45000,45900,1530519,-0.7567567567567568,403870,HPSP
2026-02-23,46750,47250,44700,45000,2331751,-1.9607843137254901,403870,HPSP
2026-02-24,43150,43500,40500,40950,13708003,-9.0,403870,HPSP
2026-02-25,42000,42050,40950,41000,3122388,0.1221001221001221,403870,HPSP
2026-02-26,41800,43750,41400,43000,3420683,4.878048780487805,403870,HPSP
2026-02-20,404,415,378,405,4343204,0.49627791563275436,083640,인콘
2026-02-23,405,422,385,405,2966545,0.0,083640,인콘
2026-02-24,402,508,400,449,31182320,10.864197530864198,083640,인콘
2026-02-25,464,540,435,498,25468991,10.913140311804009,083640,인콘
2026-02-26,498,507,467,471,3463375,-5.421686746987952,083640,인콘
2026-02-20,983,983,954,975,59572,-0.3067484662576687,078860,스테이지원엔터
2026-02-23,975,976,928,933,241000,-4.3076923076923075,078860,스테이지원엔터
2026-02-24,928,931,654,654,1598808,-29.903536977491964,078860,스테이지원엔터
2026-02-25,484,509,458,458,21296637,-29.96941896024465,078860,스테이지원엔터
2026-02-26,471,518,445,453,3351486,-1.0917030567685588,078860,스테이지원엔터
2026-02-20,10650,11310,10500,10930,1218799,2.629107981220657,017510,세명전기
2026-02-23,11320,12090,11040,11490,3368226,5.123513266239707,017510,세명전기
2026-02-24,11520,11920,11220,11550,1301339,0.5221932114882507,017510,세명전기
2026-02-25,12500,13460,11400,11710,3358388,1.3852813852813852,017510,세명전기
2026-02-26,11880,12880,11040,11860,3617816,1.2809564474807857,017510,세명전기
2026-02-20,720,720,674,699,1281417,-2.9166666666666665,049470,비트플래닛
2026-02-23,710,710,680,697,597141,-0.28612303290414876,049470,비트플래닛
2026-02-24,697,697,660,661,690231,-5.164992826398852,049470,비트플래닛
2026-02-25,667,715,665,679,579425,2.723146747352496,049470,비트플래닛
2026-02-26,720,790,667,676,3517482,-0.4418262150220913,049470,비트플래닛
2026-02-20,2960,3725,2955,3185,1359571,7.601351351351352,092190,서울바이오시스
2026-02-23,3185,3315,3105,3145,157712,-1.2558869701726845,092190,서울바이오시스
2026-02-24,3145,4075,3085,3995,2470225,27.027027027027028,092190,서울바이오시스
2026-02-25,5190,5190,5190,5190,831745,29.912390488110134,092190,서울바이오시스
2026-02-26,4980,5300,4350,4420,3143469,-14.836223506743737,092190,서울바이오시스
2026-02-20,22250,24450,21650,22800,3970928,4.587155963302752,060250,NHN KCP
2026-02-23,23300,23800,22300,22750,1735647,-0.21929824561403508,060250,NHN KCP
2026-02-24,22800,23100,21950,22350,1081680,-1.7582417582417582,060250,NHN KCP
2026-02-25,22200,22200,20900,21050,1399179,-5.8165548098434,060250,NHN KCP
2026-02-26,22700,23300,22000,22300,3055060,5.938242280285035,060250,NHN KCP
2026-02-20,212,257,212,219,23920284,3.30188679245283,270520,앱튼
2026-02-23,223,228,209,227,4670177,3.65296803652968,270520,앱튼
2026-02-24,223,267,217,254,17184985,11.894273127753303,270520,앱튼
2026-02-25,264,264,217,220,6286243,-13.385826771653544,270520,앱튼
2026-02-26,221,232,218,222,3042071,0.9090909090909091,270520,앱튼
2026-02-20,390,405,381,389,444610,-0.2564102564102564,060900,에이전트AI
2026-02-23,385,389,333,347,1246813,-10.796915167095115,060900,에이전트AI
2026-02-24,347,383,343,344,1581992,-0.8645533141210375,060900,에이전트AI
2026-02-25,345,360,306,306,1929284,-11.046511627906977,060900,에이전트AI
2026-02-26,314,333,253,300,3013475,-1.9607843137254901,060900,에이전트AI
2026-02-20,25000,25650,24250,24300,694236,-3.9525691699604746,008830,대동기어
2026-02-23,24300,24300,23100,23300,556590,-4.11522633744856,008830,대동기어
2026-02-24,23100,23650,22700,23300,338126,0.0,008830,대동기어
2026-02-25,23500,24200,22700,22900,622152,-1.7167381974248928,008830,대동기어
2026-02-26,22900,26600,22550,24950,3020285,8.951965065502183,008830,대동기어
2026-02-20,8970,9150,8080,8160,2782000,-5.116279069767442,078020,LS증권
2026-02-23,8350,8370,7650,7700,1326422,-5.637254901960785,078020,LS증권
2026-02-24,7600,7900,7310,7710,840058,0.12987012987012986,078020,LS증권
2026-02-25,7930,9080,7680,8190,4738490,6.22568093385214,078020,LS증권
2026-02-26,8190,8880,7870,8300,2951937,1.3431013431013432,078020,LS증권
2026-02-20,2165,2480,2105,2305,7306204,6.466512702078522,056090,시지메드텍
2026-02-23,2410,2995,2405,2930,14889358,27.114967462039047,056090,시지메드텍
2026-02-24,2815,2925,2650,2790,6104414,-4.778156996587031,056090,시지메드텍
2026-02-25,2810,2850,2540,2600,4819697,-6.810035842293908,056090,시지메드텍
2026-02-26,2600,2835,2475,2650,2933727,1.9230769230769231,056090,시지메드텍
2026-02-20,3655,3705,3620,3640,128684,-2.0188425302826376,048530,인트론바이오
2026-02-23,3640,3695,3515,3640,188321,0.0,048530,인트론바이오
2026-02-24,3645,3735,3580,3600,184226,-1.098901098901099,048530,인트론바이오
2026-02-25,3600,3610,3495,3550,207723,-1.3888888888888888,048530,인트론바이오
2026-02-26,3505,4615,3220,4615,2843144,30.0,048530,인트론바이오
2026-02-20,1925,1950,1907,1911,119470,-0.7272727272727273,204610,티쓰리
2026-02-23,1912,2275,1912,1949,5151719,1.9884877027734171,204610,티쓰리
2026-02-24,1939,1998,1934,1982,904333,1.6931759876859929,204610,티쓰리
2026-02-25,1994,1994,1940,1976,937612,-0.30272452068617556,204610,티쓰리
2026-02-26,2145,2280,2050,2185,2844978,10.576923076923077,204610,티쓰리
2026-02-20,17170,17350,16380,16420,704666,-4.0887850467289715,060720,KH바텍
2026-02-23,16420,16910,15810,16060,846031,-2.192448233861145,060720,KH바텍
2026-02-24,16030,16340,15630,16300,550641,1.4943960149439601,060720,KH바텍
2026-02-25,16450,18650,16200,17710,4147360,8.650306748466258,060720,KH바텍
2026-02-26,18180,19400,17480,18030,2835649,1.8068887634105024,060720,KH바텍
2026-02-20,398,409,369,376,1732627,-5.527638190954774,049080,기가레인
2026-02-23,376,390,358,383,981436,1.8617021276595744,049080,기가레인
2026-02-24,386,477,375,457,4523806,19.321148825065272,049080,기가레인
2026-02-25,457,457,416,438,1442825,-4.157549234135667,049080,기가레인
2026-02-26,445,519,445,474,2895511,8.21917808219178,049080,기가레인
2026-02-20,340,403,327,370,35817203,9.144542772861357,016600,큐캐피탈
2026-02-23,370,447,369,400,34618443,8.108108108108109,016600,큐캐피탈
2026-02-24,406,422,385,399,8959826,-0.25,016600,큐캐피탈
2026-02-25,403,412,389,392,4304279,-1.7543859649122806,016600,큐캐피탈
2026-02-26,392,398,371,372,3054718,-5.1020408163265305,016600,큐캐피탈
2026-02-20,2115,2430,2110,2285,8391123,9.330143540669857,357880,SKAI
2026-02-23,2305,2400,2130,2220,3933288,-2.8446389496717726,357880,SKAI
2026-02-24,2225,2885,2120,2885,18692602,29.954954954954953,357880,SKAI
2026-02-25,3180,3300,2655,2805,15659529,-2.772963604852686,357880,SKAI
2026-02-26,2805,2845,2575,2625,2807522,-6.417112299465241,357880,SKAI
2026-02-20,781,792,750,750,576152,-3.969270166453265,023440,제이스코홀딩스
2026-02-23,752,786,730,750,490278,0.0,023440,제이스코홀딩스
2026-02-24,756,774,740,752,393417,0.26666666666666666,023440,제이스코홀딩스
2026-02-25,752,782,745,750,592370,-0.26595744680851063,023440,제이스코홀딩스
2026-02-26,735,746,631,690,2755714,-8.0,023440,제이스코홀딩스
2026-02-20,718,725,680,691,394389,-3.7604456824512535,013720,THE CUBE&
2026-02-23,697,709,650,668,582476,-3.3285094066570187,013720,THE CUBE&
2026-02-24,668,683,655,670,506048,0.29940119760479045,013720,THE CUBE&
2026-02-25,670,710,656,656,1052276,-2.0895522388059704,013720,THE CUBE&
2026-02-26,664,820,664,743,2734090,13.26219512195122,013720,THE CUBE&
2026-02-20,4685,4750,4520,4540,306431,-3.0949839914621133,039860,나노엔텍
2026-02-23,4535,5900,4525,5900,7936966,29.955947136563875,039860,나노엔텍
2026-02-24,6380,7670,6330,7670,3872398,30.0,039860,나노엔텍
2026-02-25,9000,9390,7050,7450,22960112,-2.8683181225554106,039860,나노엔텍
2026-02-26,7440,7940,6965,7090,2727437,-4.832214765100671,039860,나노엔텍
2026-02-20,3700,3727,3655,3685,16429,-0.40540540540540543,440320,오픈놀
2026-02-23,3685,3685,3610,3615,27714,-1.8995929443690638,440320,오픈놀
2026-02-24,3615,3695,3605,3625,41663,0.2766251728907331,440320,오픈놀
2026-02-25,3640,3985,3615,3735,299307,3.0344827586206895,440320,오픈놀
2026-02-26,3755,4645,3695,4105,2886196,9.906291834002676,440320,오픈놀
2026-02-20,773,844,750,820,8703232,9.333333333333334,067390,아스트
2026-02-23,853,1039,853,941,24650624,14.75609756097561,067390,아스트
2026-02-24,941,997,891,931,6071406,-1.0626992561105209,067390,아스트
2026-02-25,935,984,901,927,4249346,-0.4296455424274973,067390,아스트
2026-02-26,927,927,894,900,2451753,-2.912621359223301,067390,아스트
2026-02-20,1130,1138,1074,1108,2757641,-2.892199824715162,018000,유니슨
2026-02-23,1112,1200,1110,1183,4664057,6.768953068592058,018000,유니슨
2026-02-24,1171,1299,1155,1259,5719157,6.424344885883347,018000,유니슨
2026-02-25,1260,1348,1251,1302,5421765,3.415409054805401,018000,유니슨
2026-02-26,1302,1358,1292,1328,2441726,1.9969278033794162,018000,유니슨
2026-02-20,13300,14230,13110,13830,4468851,2.6726057906458798,222080,씨아이에스
2026-02-23,14250,14800,12670,12810,4178851,-7.37527114967462,222080,씨아이에스
2026-02-24,12880,15770,12880,15060,29886223,17.56440281030445,222080,씨아이에스
2026-02-25,15100,15100,14360,14380,5544926,-4.51527224435591,222080,씨아이에스
2026-02-26,14620,14670,13810,13970,2473953,-2.851182197496523,222080,씨아이에스
2026-02-20,8660,8890,8460,8800,234461,1.6166281755196306,330350,위더스제약
2026-02-23,9110,9450,8830,9340,1010907,6.136363636363637,330350,위더스제약
2026-02-24,9570,9570,9100,9190,332297,-1.6059957173447537,330350,위더스제약
2026-02-25,9310,11940,8900,11940,14971844,29.923830250272033,330350,위더스제약
2026-02-26,11500,11710,10750,10930,2389476,-8.458961474036851,330350,위더스제약
2026-02-20,1089,1167,1035,1115,4226794,2.3875114784205693,069540,빛과전자
2026-02-23,1116,1300,1116,1200,9499855,7.623318385650224,069540,빛과전자
2026-02-24,1201,1220,1133,1172,2654095,-2.3333333333333335,069540,빛과전자
2026-02-25,1172,1280,1163,1207,4232115,2.986348122866894,069540,빛과전자
2026-02-26,1208,1230,1090,1138,2357484,-5.716652858326429,069540,빛과전자
2026-02-20,1814,1859,1779,1845,528084,1.095890410958904,024840,KBI메탈
2026-02-23,1859,2385,1856,2300,25186161,24.661246612466126,024840,KBI메탈
2026-02-24,2350,2710,2270,2510,28141870,9.130434782608695,024840,KBI메탈
2026-02-25,2555,2725,2470,2470,7353912,-1.593625498007968,024840,KBI메탈
2026-02-26,2550,2565,2400,2420,2266249,-2.0242914979757085,024840,KBI메탈
2026-02-20,39900,39900,37500,37750,1566271,-5.506883604505632,178320,서진시스템
2026-02-23,38150,38200,35250,35550,2275827,-5.827814569536424,178320,서진시스템
2026-02-24,35700,37400,35100,36750,1322586,3.375527426160337,178320,서진시스템
2026-02-25,37400,38500,36350,36800,1249520,0.13605442176870747,178320,서진시스템
2026-02-26,37000,40350,36850,39150,2206722,6.385869565217392,178320,서진시스템
2026-02-20,1938,1971,1862,1880,3183234,-1.6221873364730508,246690,TS인베스트먼트
2026-02-23,1907,2320,1900,2090,26462033,11.170212765957446,246690,TS인베스트먼트
2026-02-24,2100,2265,2035,2110,6589353,0.9569377990430622,246690,TS인베스트먼트
2026-02-25,2120,2155,1984,2000,2319769,-5.213270142180095,246690,TS인베스트먼트
2026-02-26,1970,2135,1953,1977,2181266,-1.15,246690,TS인베스트먼트
2026-02-20,2120,2135,2075,2095,70288,-0.9456264775413712,339950,아이비김영
2026-02-23,2095,2240,2065,2205,247200,5.250596658711217,339950,아이비김영
2026-02-24,2205,2205,2140,2170,118566,-1.5873015873015872,339950,아이비김영
2026-02-25,2200,2200,2105,2160,160267,-0.4608294930875576,339950,아이비김영
2026-02-26,2565,2730,2355,2580,2187991,19.444444444444446,339950,아이비김영
2026-02-20,4895,4895,4725,4765,1672286,-5.4563492063492065,047770,코데즈컴바인
2026-02-23,4820,5000,4820,5000,1014052,4.931794333683106,047770,코데즈컴바인
2026-02-24,4965,5170,4965,5120,1242211,2.4,047770,코데즈컴바인
2026-02-25,5210,5700,4860,5090,5803629,-0.5859375,047770,코데즈컴바인
2026-02-26,5210,5220,4750,4915,2161826,-3.43811394891945,047770,코데즈컴바인
2026-02-20,175500,175600,168400,171300,2255550,-0.5803830528148578,086520,에코프로
2026-02-23,180000,183700,167000,169300,3460369,-1.1675423234092235,086520,에코프로
2026-02-24,173000,175000,168100,169900,2166422,0.3544004725339634,086520,에코프로
2026-02-25,172300,179100,169200,175200,2708728,3.1194820482636847,086520,에코프로
2026-02-26,178400,184350,175000,178300,2102062,1.7694063926940637,086520,에코프로
2026-02-20,1285,1330,1051,1108,5821847,-11.360000000000001,340930,유일에너테크
2026-02-23,1150,1212,1132,1175,2902998,6.046931407942238,340930,유일에너테크
2026-02-24,1184,1240,1130,1184,2596116,0.7659574468085106,340930,유일에너테크
2026-02-25,1195,1349,1195,1279,7442037,8.02364864864865,340930,유일에너테크
2026-02-26,1279,1290,1191,1212,2057563,-5.238467552775606,340930,유일에너테크
2026-02-20,8830,9080,8760,8800,2075593,-0.9009009009009009,025980,아난티
2026-02-23,8890,9220,8800,8860,2646417,0.6818181818181818,025980,아난티
2026-02-24,8810,8850,8700,8790,1167453,-0.7900677200902935,025980,아난티
2026-02-25,8830,8850,8570,8610,1510639,-2.04778156996587,025980,아난티
2026-02-26,8570,8570,8080,8090,2099491,-6.039488966318235,025980,아난티
2026-02-20,6280,7600,6140,6980,15019809,11.323763955342903,046120,오르비텍
2026-02-23,7130,7290,6820,6870,4095878,-1.5759312320916905,046120,오르비텍
2026-02-24,6900,7180,6480,6610,2648869,-3.7845705967976713,046120,오르비텍
2026-02-25,6550,6970,6340,6380,3171522,-3.479576399394856,046120,오르비텍
2026-02-26,6420,6450,5920,6110,1992558,-4.231974921630094,046120,오르비텍
2026-02-20,265,272,257,269,2244346,1.893939393939394,032680,소프트센
2026-02-23,270,274,258,260,2367366,-3.3457249070631967,032680,소프트센
2026-02-24,266,297,260,279,6736572,7.307692307692308,032680,소프트센
2026-02-25,280,322,280,297,10373004,6.451612903225806,032680,소프트센
2026-02-26,297,305,288,296,1846731,-0.33670033670033667,032680,소프트센
2026-02-20,28200,28500,27300,27450,1923405,-1.7889087656529516,319400,현대무벡스
2026-02-23,27550,28400,26550,26900,1910467,-2.0036429872495445,319400,현대무벡스
2026-02-24,26900,33900,26300,33450,13380406,24.349442379182157,319400,현대무벡스
2026-02-25,37300,37700,34800,35550,4298952,6.278026905829597,319400,현대무벡스
2026-02-26,37400,37550,34000,34550,1911915,-2.8129395218002813,319400,현대무벡스
2026-02-20,3540,3565,3490,3500,56401,-1.2693935119887165,072470,우리산업홀딩스
2026-02-23,3505,3600,3505,3560,57213,1.7142857142857144,072470,우리산업홀딩스
2026-02-24,3560,3590,3500,3590,46376,0.8426966292134831,072470,우리산업홀딩스
2026-02-25,3620,4665,3620,4665,10933527,29.944289693593312,072470,우리산업홀딩스
2026-02-26,4660,4740,4215,4295,1784232,-7.931404072883172,072470,우리산업홀딩스
2026-02-20,14290,15340,13770,14710,5983813,4.623044096728307,241520,DSC인베스트먼트
2026-02-23,15120,19120,15050,18520,12474311,25.900747790618627,241520,DSC인베스트먼트
2026-02-24,17780,19570,16930,18620,4812729,0.5399568034557235,241520,DSC인베스트먼트
2026-02-25,18620,18790,17220,17520,1879799,-5.907626208378089,241520,DSC인베스트먼트
2026-02-26,17540,19700,17520,18630,1782892,6.335616438356165,241520,DSC인베스트먼트
2026-02-20,14130,15400,13970,14510,9359890,3.053977272727273,038500,삼표시멘트
2026-02-23,14690,16700,14200,15750,18847044,8.545830461750517,038500,삼표시멘트
2026-02-24,16020,16070,15250,15890,5711967,0.8888888888888888,038500,삼표시멘트
2026-02-25,15900,16480,15480,16150,5042239,1.6362492133417241,038500,삼표시멘트
2026-02-26,16070,16250,15570,15690,1738792,-2.848297213622291,038500,삼표시멘트
2026-02-20,4450,4595,4345,4360,1288027,-2.0224719101123596,462860,더즌
2026-02-23,4410,4505,4310,4360,888233,0.0,462860,더즌
2026-02-24,4360,4360,4260,4330,640344,-0.6880733944954129,462860,더즌
2026-02-25,4310,4330,4180,4230,654319,-2.3094688221709005,462860,더즌
2026-02-26,4470,4580,4350,4385,1707994,3.664302600472813,462860,더즌
2026-02-20,18900,19650,18670,18890,663971,0.0,476060,온코닉테라퓨틱스
2026-02-23,19180,19900,18650,19580,1106148,3.652726310217046,476060,온코닉테라퓨틱스
2026-02-24,22900,25450,21800,25450,6519825,29.97957099080695,476060,온코닉테라퓨틱스
2026-02-25,25550,28900,25300,26300,9156848,3.3398821218074657,476060,온코닉테라퓨틱스
2026-02-26,25050,25100,23000,23200,1709718,-11.787072243346007,476060,온코닉테라퓨틱스
2026-02-20,16640,17190,16310,16660,3072981,0.1201923076923077,003380,하림지주
2026-02-23,17200,17620,16420,16790,5816474,0.78031212484994,003380,하림지주
2026-02-24,16790,17420,16540,16970,2978740,1.0720667063728408,003380,하림지주
2026-02-25,17150,17210,16710,16730,2072124,-1.4142604596346495,003380,하림지주
2026-02-26,16730,16820,15660,15840,1701609,-5.319784817692767,003380,하림지주
2026-02-20,1240,1280,1200,1222,326829,-0.9724473257698543,273060,와이즈버즈
2026-02-23,1222,1252,1210,1224,161867,0.16366612111292964,273060,와이즈버즈
2026-02-24,1212,1246,1202,1213,214098,-0.8986928104575163,273060,와이즈버즈
2026-02-25,1233,1240,1184,1232,127938,1.5663643858202803,273060,와이즈버즈
2026-02-26,1232,1400,1232,1276,1663845,3.571428571428571,273060,와이즈버즈
2026-02-20,2735,2820,2570,2625,3124484,-4.197080291970803,321370,센서뷰
2026-02-23,2035,2490,2035,2215,9281411,-15.619047619047619,321370,센서뷰
2026-02-24,2210,2525,2100,2510,9664767,13.31828442437923,321370,센서뷰
2026-02-25,2555,2595,2320,2355,3577110,-6.175298804780876,321370,센서뷰
2026-02-26,2370,2505,2340,2395,1666083,1.6985138004246285,321370,센서뷰
2026-02-20,3185,3245,3100,3245,125904,1.8838304552590266,302550,리메드
2026-02-23,3245,3245,3150,3150,62786,-2.9275808936825887,302550,리메드
2026-02-24,3150,3220,3115,3200,63459,1.5873015873015872,302550,리메드
2026-02-25,3200,4070,3130,3690,21872163,15.312500000000002,302550,리메드
2026-02-26,3610,3615,3345,3370,1618902,-8.672086720867208,302550,리메드
2026-02-20,16520,16530,15910,16100,1448850,-2.483343428225318,417200,LS머트리얼즈
2026-02-23,16240,17180,16120,16780,2616457,4.22360248447205,417200,LS머트리얼즈
2026-02-24,16740,18030,16320,17450,4915904,3.9928486293206196,417200,LS머트리얼즈
2026-02-25,18050,19340,17640,17990,7896873,3.0945558739255015,417200,LS머트리얼즈
2026-02-26,18400,18630,17450,17550,1622037,-2.445803224013341,417200,LS머트리얼즈
2026-02-20,4705,4900,4660,4785,1920811,1.5923566878980893,045390,대아티아이
2026-02-23,4800,4940,4795,4870,1972168,1.7763845350052248,045390,대아티아이
2026-02-24,4855,4900,4740,4870,858191,0.0,045390,대아티아이
2026-02-25,4885,4940,4800,4840,1013361,-0.6160164271047228,045390,대아티아이
2026-02-26,4795,4795,4515,4535,1563177,-6.301652892561983,045390,대아티아이
2026-02-20,16640,16760,16150,16210,1227846,-3.281622911694511,253590,네오셈
2026-02-23,16390,17390,16300,16470,1906255,1.6039481801357187,253590,네오셈
2026-02-24,16500,18740,16500,17600,6348462,6.860959319975714,253590,네오셈
2026-02-25,18030,18870,17230,17840,3994442,1.3636363636363635,253590,네오셈
2026-02-26,18670,18730,17560,17660,1541497,-1.0089686098654709,253590,네오셈
2026-02-20,480,495,435,444,6750660,-7.6923076923076925,019570,플루토스
2026-02-23,440,465,415,452,5773912,1.8018018018018018,019570,플루토스
2026-02-24,447,452,430,438,2165092,-3.0973451327433628,019570,플루토스
2026-02-25,437,458,422,430,2579410,-1.82648401826484,019570,플루토스
2026-02-26,429,442,405,409,1548554,-4.883720930232558,019570,플루토스
2026-02-20,2685,2840,2640,2710,126343,0.931098696461825,089150,케이씨티
2026-02-23,2720,2740,2685,2710,73753,0.0,089150,케이씨티
2026-02-24,2710,2715,2680,2690,43911,-0.7380073800738007,089150,케이씨티
2026-02-25,2690,2705,2595,2600,116184,-3.3457249070631967,089150,케이씨티
2026-02-26,2650,3075,2635,2675,1476111,2.8846153846153846,089150,케이씨티
2026-02-20,3575,4315,3450,3780,25427601,5.734265734265734,267320,나인테크
2026-02-23,3825,4165,3675,3860,17932595,2.1164021164021163,267320,나인테크
2026-02-24,3915,4200,3870,3965,13304129,2.7202072538860103,267320,나인테크
2026-02-25,4030,4110,3845,3865,4178067,-2.5220680958385877,267320,나인테크
2026-02-26,3865,3930,3755,3790,1439644,-1.9404915912031047,267320,나인테크
2026-02-20,10640,10970,10160,10650,608292,-2.917046490428441,088130,동아엘텍
2026-02-23,10800,10860,8900,9570,1529049,-10.140845070422536,088130,동아엘텍
2026-02-24,9710,9710,8960,9290,629608,-2.9258098223615465,088130,동아엘텍
2026-02-25,9500,9500,9080,9210,479008,-0.8611410118406888,088130,동아엘텍
2026-02-26,9210,11100,9160,10720,1432024,16.395222584147664,088130,동아엘텍
2026-02-20,4300,4310,4050,4090,82285,-4.883720930232558,238120,얼라인드
2026-02-23,4095,4495,4095,4420,185657,8.06845965770171,238120,얼라인드
2026-02-24,4420,4735,4270,4655,171677,5.316742081447964,238120,얼라인드
2026-02-25,5050,6050,4750,6050,3821222,29.96777658431794,238120,얼라인드
2026-02-26,5670,5860,5110,5300,1438013,-12.396694214876034,238120,얼라인드
2026-02-20,541,703,541,703,1737250,29.944547134935306,050090,비케이홀딩스
2026-02-23,695,810,635,640,2219286,-8.961593172119487,050090,비케이홀딩스
2026-02-24,640,667,602,638,454943,-0.3125,050090,비케이홀딩스
2026-02-25,638,683,635,656,318420,2.8213166144200628,050090,비케이홀딩스
2026-02-26,656,825,656,780,1470414,18.902439024390244,050090,비케이홀딩스
2026-02-20,1052,1052,871,871,1393369,-17.20532319391635,313760,캐리
2026-02-23,810,860,772,827,887742,-5.05166475315729,313760,캐리
2026-02-24,828,870,795,813,331643,-1.6928657799274487,313760,캐리
2026-02-25,813,815,570,575,2798736,-29.274292742927425,313760,캐리
2026-02-26,580,600,514,529,1423695,-8.0,313760,캐리
